"","Row.names","cls","dgr","burts","btw"
"1","Addam-Marbrand",0.000434971726837756,12,0.123964548317542,148.238587476445
"2","Aegon-Frey-(son-of-Stevron)",0.000394477317554241,4,0.367263588228867,0
"3","Aegon-I-Targaryen",0.000454959053685168,9,0.173916815857243,2174.90345203502
"4","Aegon-Targaryen-(son-of-Rhaegar)",0.000430477830391735,15,0.141445794551275,1897.53007366117
"5","Aegon-V-Targaryen",0.000330360092500826,1,1,0
"6","Aemon-Targaryen-(Dragonknight)",0.000391696043869957,1,1,0
"7","Aemon-Targaryen-(Maester-Aemon)",0.000447828034034931,26,0.0789215021801863,5996.7138234133
"8","Aenys-Frey",0.00040016006402561,4,0.306169205954137,256.23733358961
"9","Aeron-Greyjoy",0.000393700787401575,15,0.129748692169438,4082.4949778404
"10","Aerys-I-Targaryen",0.000396039603960396,1,1,0
"11","Aerys-II-Targaryen",0.000460829493087558,19,0.0756662538837383,4440.32093848025
"12","Aggar",0.000338409475465313,4,0.25,2523.90078458359
"13","Aggo",0.000371195248700817,10,0.194398886578894,31.6982076179376
"14","Alayaya",0.000414421881475342,4,0.264951276131549,794
"15","Albett",0.000388048117966628,3,0.481721940084128,0
"16","Alebelly",0.000372300819061802,4,0.397008744855967,2.25
"17","Alerie-Hightower",0.000354609929078014,2,0.539156164671288,0
"18","Alester-Florent",0.00040016006402561,7,0.229894094532157,114.515462824784
"19","Alla-Tyrell",0.000382701875239189,5,0.35676989164371,3.7109080807653
"20","Allar-Deem",0.000411692054343351,2,0.526326877442645,0
"21","Allard-Seaworth",0.000389559797428905,3,0.487447075350156,5.25952380952381
"22","Alleras",0.000343288705801579,8,0.309841067923259,4481.4637316639
"23","Alliser-Thorne",0.00045662100456621,15,0.117300629424013,699.989263261969
"24","Alyn",0.000411353352529823,5,0.266157615791938,7.27103470611535
"25","Alys-Arryn",0.000348553502962705,2,0.5,794
"26","Alys-Karstark",0.000390625,3,0.484980360719137,0
"27","Alysane-Mormont",0.000393700787401575,3,0.456643285780415,0
"28","Amabel",0.000379362670713202,2,0.818487811791383,0
"29","Amerei-Frey",0.000392310710082385,3,0.409638273783374,0.725490196078431
"30","Amory-Lorch",0.000438020148926851,20,0.10466458833915,372.884546986305
"31","Anders-Yronwood",0.000343170899107756,2,0.5,5.24508798705131
"32","Andrew-Estermont",0.000331345261762757,3,0.380292827262524,794
"33","Andrey-Dalt",0.00034965034965035,5,0.382960840730538,12.9506873005942
"34","Anguy",0.00038971161340608,9,0.227688211842987,398.465703835243
"35","Anya-Waynwood",0.000362056480811006,7,0.348574056452217,184.301520178213
"36","Archibald-Yronwood",0.000289184499710816,4,0.416804874256181,0.75
"37","Ardrian-Celtigar",0.000297619047619048,1,1,0
"38","Areo-Hotah",0.000365898280278083,9,0.20712292314768,41.1535097408679
"39","Arianne-Martell",0.00037147102526003,20,0.111236982362832,5642.68202536505
"40","Armen",0.000270416441319632,6,0.43251279446964,5.33333333333333
"41","Arnolf-Karstark",0.000397298371076679,5,0.228371852543871,826.896889947609
"42","Aron-Santagar",0.00034794711203897,1,1,0
"43","Arron",0.000299670362601139,3,0.597902399767201,0
"44","Arson",0.000387747188832881,1,1,0
"45","Arstan",0.000365497076023392,8,0.2199601127223,39.1156845060605
"46","Arthor-Karstark",0.000302023557837511,1,1,0
"47","Arthur-Dayne",0.000348918353105373,5,0.258568747648849,1671.86270157648
"48","Arwyn-Oakheart",0.00032478077297824,1,1,0
"49","Arya-Stark",0.000542593597395551,84,0.0292878667628474,27534.9976520401
"50","Arys-Oakheart",0.00041101520756268,9,0.175180883685117,559.012000634357
"51","Asha-Greyjoy",0.000442477876106195,25,0.076012108480972,10423.1078497308
"52","Ashara-Dayne",0.000321440051430408,1,1,0
"53","Aurane-Waters",0.000424448217317487,9,0.169974660087519,24.6812176509996
"54","Axell-Florent",0.000414765657403567,10,0.198068089438931,537.603042723086
"55","Azor-Ahai",0.000387296669248644,1,1,0
"56","Bael-the-Bard",0.000300120048019208,1,1,0
"57","Baelor-Blacktyde",0.000348189415041783,4,0.358035497822156,0
"58","Baelor-I-Targaryen",0.000417885499373172,3,0.34763581337167,0
"59","Ballabar",0.000407331975560081,3,0.356282585943479,794
"60","Balman-Byrch",0.000395882818685669,3,0.483958784142842,0
"61","Balon-Greyjoy",0.000458715596330275,13,0.123825698654147,3012.77611735058
"62","Balon-Swann",0.00043859649122807,16,0.101569654611188,1135.89985844214
"63","Bannen",0.000328191663931736,2,0.577899018595041,0
"64","Barbrey-Dustin",0.000409668168783286,6,0.24495205211541,57.6725952108878
"65","Barristan-Selmy",0.00048661800486618,41,0.0538923035849625,14376.1301599594
"66","Barsena",0.000348675034867503,1,1,0
"67","Bartimus",0.000328083989501312,1,1,0
"68","Bedwyck",0.000330250990752972,5,0.3201927456382,0
"69","Belaquo",0.000291036088474971,4,0.402543331037649,4.04536273024139
"70","Bellegere-Otherys",0.000379218809252939,1,1,0
"71","Belwas",0.000374391613627855,13,0.141842782019659,88.6916915320856
"72","Ben-Bones",0.000375375375375375,2,0.529844869905447,0
"73","Ben-Plumm",0.000425531914893617,9,0.185496015542131,339.774671343154
"74","Benedar-Belmore",0.000361794500723589,5,0.431910032242866,138.923496817229
"75","Benerro",0.000422297297297297,4,0.326404460086001,11.6999670134261
"76","Benethon-Scales",0.000320924261874198,2,0.617286088027085,0
"77","Benfred-Tallhart",0.00037593984962406,4,0.300519398530762,115.809628215979
"78","Benjen-Stark",0.000490196078431373,14,0.0967692941736637,1791.26902840064
"79","Beric-Dondarrion",0.000451467268623025,18,0.0996584855565551,675.345981501667
"80","Beth-Cassel",0.000392464678178964,3,0.363798503805986,0
"81","Big-Boil",0.000388048117966628,2,0.544346030002859,0
"82","Biter",0.000392618767177071,5,0.294126354245402,29.7983532005877
"83","Black-Balaq",0.00025980774227072,1,1,0
"84","Blane",0.000340715502555366,1,1,0
"85","Bloodbeard",0.00036563071297989,4,0.290917058947825,35.4170082851762
"86","Blue-Bard",0.000395413206801107,5,0.297676696727194,286.662808733081
"87","Bonifer-Hasty",0.000391696043869957,1,1,0
"88","Boros-Blount",0.000442086648983201,14,0.117127900612413,71.9327840293689
"89","Bowen-Marsh",0.000423728813559322,18,0.120217171912481,336.391759526168
"90","Bran-Stark",0.000526870389884088,54,0.0444739945673771,14174.6416741278
"91","Brandon-Norrey",0.000388048117966628,2,0.5,794
"92","Brandon-Stark",0.000425350914504466,8,0.156797103038567,145.822058722801
"93","Brea",0.000379506641366224,3,0.671989166036785,0.5
"94","Brella",0.000380952380952381,2,0.546651939513478,0
"95","Brenett",0.000380517503805175,1,1,0
"96","Brienne-of-Tarth",0.000483558994197292,45,0.0456350472353455,10179.1893789506
"97","Bronn",0.000455788514129444,25,0.0831273045848078,915.299159844756
"98","Brus-Buckler",0.000321027287319422,3,0.576720187408091,0
"99","Brusco",0.000379362670713202,2,0.700432256235828,0
"100","Bryce-Caron",0.000396825396825397,5,0.289313081782381,1633.20719248287
"101","Brynden-Rivers",0.000371747211895911,2,0.556865654298314,0
"102","Brynden-Tully",0.000467289719626168,19,0.0967130346642807,702.885969533701
"103","Bump",0.000297973778307509,1,1,0
"104","Butterbumps",0.000380372765310004,2,0.565353086419753,0
"105","Byam-Flint",0.000303766707168894,1,1,0
"106","Caggo",0.000289435600578871,5,0.328230801785165,794
"107","Caleotte",0.000360100828231905,4,0.351607902879548,23.0389311610168
"108","Camarron",0.000273897562311695,1,1,0
"109","Captain-Myraham",0.000374251497005988,1,1,0
"110","Captain-Myraham-Daughter",0.000374251497005988,1,1,0
"111","Catelyn-Stark",0.00054525627044711,75,0.0357760077559876,17350.5142111137
"112","Cayn",0.000401284109149278,3,0.380153847760453,2.32777777777778
"113","Cedra",0.000287026406429392,2,0.584266975308642,0
"114","Cedric-Payne",0.000317057704502219,1,1,0
"115","Cellador",0.000388198757763975,4,0.313878926644955,0.5
"116","Cersei-Lannister",0.000571755288736421,97,0.0322020503023003,27996.3970898934
"117","Chataya",0.000406008932196508,1,1,0
"118","Chayle",0.000371609067261241,2,0.61934499314129,0
"119","Chella",0.000406834825061025,3,0.386454792064223,0
"120","Chett",0.00039714058776807,7,0.234113206616825,30.262726130467
"121","Chiggen",0.000406669377795852,3,0.437229421269339,0
"122","Chiswyck",0.000419287211740042,13,0.177634518485851,13.4996620496894
"123","Clarence-Crabb",0.000349406009783368,1,1,0
"124","Clayton-Suggs",0.000393700787401575,3,0.42624210358469,0
"125","Clement-Piper",0.000392003136025088,2,0.64560000245074,0
"126","Cleon",0.000351246926589392,3,0.496203849491978,6.03181818181818
"127","Cleos-Frey",0.00045024763619991,7,0.164458810712482,6.16494568025002
"128","Cletus-Yronwood",0.000351493848857645,5,0.362570564942126,248.392739554951
"129","Cley-Cerwyn",0.000377216144851,3,0.426512197929012,0
"130","Clubfoot-Karl",0.000328839197632358,2,0.545937213039486,0
"131","Clydas",0.000415973377703827,7,0.197894256600859,70.1170926196697
"132","Cohollo",0.00034952813701503,4,0.409421056766361,0
"133","Coldhands",0.000374672161858374,4,0.325751737495665,5.018988163725
"134","Colemon",0.0003933910306845,6,0.254072010685803,36.1841834752531
"135","Colen-of-Greenpools",0.000392003136025088,2,0.520042136041859,0
"136","Conn",0.000406834825061025,3,0.369175897538089,794
"137","Coratt",0.00030750307503075,1,1,0
"138","Corliss-Penny",0.000387296669248644,1,1,0
"139","Cortnay-Penrose",0.000432900432900433,7,0.202642906192651,208.413087102726
"140","Cotter-Pyke",0.000417014178482068,10,0.170826941411667,81.9097204909109
"141","Craster",0.000400320256204964,15,0.130586604173519,1229.07513892901
"142","Creighton-Longbough",0.000349772647778944,3,0.47721536351166,8.08095238095238
"143","Cressen",0.000424808836023789,9,0.185549764299112,111.257639984401
"144","Cromm",0.000260688216892596,2,0.730902777777778,0
"145","Cutjack",0.000320924261874198,3,0.333333333333333,1587
"146","Daario-Naharis",0.000375798571965427,19,0.132965376126209,1725.85512409492
"147","Dacey-Mormont",0.0003933910306845,3,0.444356363570778,0
"148","Daemon-Sand",0.000344708721130645,2,0.55000141723356,0
"149","Daenerys-Targaryen",0.000482160077145612,73,0.0355072881509156,37374.5031180331
"150","Daeron-I-Targaryen",0.000320615581917281,1,1,0
"151","Daeron-II-Targaryen",0.000376931775348662,2,0.5,393.496946963449
"152","Dagmer",0.000384024577572965,5,0.255767383746013,45.4394274599459
"153","Dalbridge",0.000388198757763975,3,0.499723707067725,0
"154","Dalla",0.000412711514651259,6,0.225485817801471,11.0828462686178
"155","Damon-Dance-for-Me",0.00037593984962406,5,0.415261202504509,2.95
"156","Dancy",0.000311817898347365,1,1,0
"157","Danwell-Frey",0.000334224598930481,3,0.482253086419753,330.443005379801
"158","Dareon",0.000410509031198686,6,0.192783949075816,970.791302546963
"159","Daryn-Hornwood",0.000394166338194718,2,0.701246854963071,0
"160","Daven-Lannister",0.000392310710082385,3,0.422643539260676,0
"161","Davos-Seaworth",0.000443655723158829,33,0.07076831336979,7526.41133802328
"162","Denyo-Terys",0.000379362670713202,2,0.818487811791383,0
"163","Denys-Darklyn",0.000337381916329285,1,1,0
"164","Denys-Mallister",0.000395882818685669,9,0.203471084619373,3.9614698737657
"165","Denzo-Dhan",0.000275178866263071,1,1,0
"166","Desmond",0.00040650406504065,2,0.51279022231001,0
"167","Desmond-Grell",0.000394477317554241,4,0.372766757213294,1.00842729033472
"168","Devan-Seaworth",0.000420875420875421,6,0.214370868617496,103.561346246917
"169","Dick-Crabb",0.00040371417036738,5,0.219202451475911,807.15479989405
"170","Dick-Follard",0.000388198757763975,2,0.544346030002859,0
"171","Dick-Straw",0.000275558004960044,2,0.5,794
"172","Dirk",0.000328839197632358,2,0.545937213039486,0
"173","Dobber",0.000379218809252939,1,1,0
"174","Dolf",0.000308928019771393,1,1,0
"175","Donal-Noye",0.000418585182084554,8,0.187554496681291,75.8781501943097
"176","Donella-Hornwood",0.000383729854182655,7,0.217412636858741,70.726462263141
"177","Donnel-Waynwood",0.000380517503805175,1,1,0
"178","Dontos-Hollard",0.000443066016836509,9,0.142161192846124,147.804336102183
"179","Doran-Martell",0.000453103760761214,21,0.0952100774873952,4588.03101044567
"180","Dorcas",0.000395413206801107,6,0.266584045886146,1.64397357028936
"181","Doreah",0.000355618776671408,6,0.257558662086525,0.652272727272727
"182","Draqaz",0.000273373428102788,1,1,0
"183","Drennan",0.000374391613627855,2,0.702077594123049,0
"184","Drogo",0.000417188151856487,21,0.123302137661593,3910.63171345103
"185","Dryn",0.000299222022740874,1,1,0
"186","Dunsen",0.000419287211740042,13,0.177634518485851,13.4996620496894
"187","Dunstan-Drumm",0.000315756236185665,3,0.403676303854875,2.31709956709957
"188","Dywen",0.000396667988893296,8,0.234791318920294,174.514027785309
"189","Ebben",0.000388349514563107,4,0.475418898515085,0.333333333333333
"190","Eddard-Stark",0.000573394495412844,74,0.0323567431623516,24849.1240817754
"191","Eddison-Tollett",0.000401929260450161,20,0.113060643647192,986.911971908058
"192","Edmure-Tully",0.000441891294741494,24,0.0883755897611791,1092.20666975565
"193","Edric-Storm",0.000420168067226891,6,0.249425724187812,508.38771565948
"194","Edwyn-Frey",0.000392927308447937,4,0.360569581663074,0.326923076923077
"195","Elbert-Arryn",0.000337381916329285,1,1,0
"196","Elder-Brother",0.00034965034965035,3,0.631385459533608,0
"197","Eldon-Estermont",0.000301932367149758,2,0.5,794
"198","Elia-Martell",0.000431592576607682,9,0.141541749780561,852.172000014687
"199","Elinor-Tyrell",0.000382848392036753,5,0.366419111111111,9.95976366195362
"200","Ellaria-Sand",0.000420344682639765,6,0.229068294248725,312.0780685032
"201","Elmar-Frey",0.000429553264604811,9,0.150544411803342,33.2671031553472
"202","Elys-Waynwood",0.000273000273000273,1,1,0
"203","Emmett",0.000391083300743058,5,0.301689977039,7.02241057621803
"204","Emmon-Cuy",0.000365497076023392,3,0.437613586706641,5.34135890483105
"205","Emmon-Frey",0.000397772474144789,8,0.234939666015428,146.51009834704
"206","Emmond",0.0002999400119976,1,1,0
"207","Emrick",0.000299670362601139,3,0.597902399767201,0
"208","Eon-Hunter",0.000381242851696531,3,0.44061049382716,0
"209","Eroeh",0.000348675034867503,1,1,0
"210","Errok",0.000388048117966628,3,0.462441969323895,0.333333333333333
"211","Euron-Greyjoy",0.000393855848759354,13,0.170767036323466,2526.46124315196
"212","Eustace-Brune",0.00030571690614491,1,1,0
"213","Ezzara",0.000348675034867503,1,1,0
"214","Falyse-Stokeworth",0.000396825396825397,4,0.373185833927065,1.74040012480415
"215","Farlen",0.000374251497005988,1,1,0
"216","Florian-the-Fool",0.000380517503805175,2,0.5,794
"217","Fogo",0.000251130085384229,1,1,0
"218","Forley-Prester",0.000327439423706614,2,0.587673611111111,0
"219","Franklyn-Flowers",0.000327332242225859,3,0.362964891975309,794
"220","Franklyn-Fowler",0.000286861732644865,1,1,0
"221","Frenken",0.000307787011388119,1,1,0
"222","Frenya",0.000374391613627855,2,0.648258149678604,0
"223","Fulk",0.000387897595034911,2,0.563047176909135,0
"224","Galazza-Galare",0.000365230094959825,6,0.290113340649707,24.2521312878948
"225","Galbart-Glover",0.000434216239687364,8,0.157874299492988,298.668712722231
"226","Galyeon-of-Cuy",0.000406008932196508,1,1,0
"227","Gared",0.000341180484476288,3,0.558641975308642,322.228089275179
"228","Garin-(orphan)",0.000350140056022409,9,0.25957198245077,251.992233072585
"229","Gariss",0.000266880170803309,2,0.5,794
"230","Garlan-Tyrell",0.000422654268808115,7,0.182565944737275,795.087249077511
"231","Garrett-Paege",0.000391696043869957,1,1,0
"232","Garth-(Wolfs-Den)",0.00033311125916056,2,0.60565886134068,0
"233","Garth-Greyfeather",0.000388349514563107,3,0.623720802982114,0
"234","Garth-Tyrell",0.000393236335037357,1,1,0
"235","Gawen-Westerling",0.000315756236185665,2,0.5,0.833333333333333
"236","Gelmarr",0.000266737796745799,1,1,0
"237","Gendel",0.000387897595034911,2,0.816905201600493,0
"238","Gendry",0.000429922613929493,20,0.0997638828607784,3934.63710516106
"239","Genna-Lannister",0.000395726157499011,3,0.407038614511891,0
"240","Gerald-Gower",0.000262329485834208,1,1,0
"241","Gerold-Dayne",0.000355492356914326,5,0.306499026885012,2.88298371831002
"242","Gerold-Grafton",0.000255297421496043,1,1,0
"243","Gerold-Hightower",0.000430477830391735,8,0.188225456115179,2649.82367921125
"244","Gerrick-Kingsblood",0.000388048117966628,2,0.5,794
"245","Gerris-Drinkwater",0.000368731563421829,9,0.238749136688167,838.582808210353
"246","Ghael",0.000348796651552145,2,0.701340672629845,0
"247","Gilly",0.000399680255795364,14,0.123584123460941,355.164773883535
"248","Gilwood-Hunter",0.000346020761245675,5,0.394648979591837,86.9215483951437
"249","Godric-Borrell",0.000328083989501312,1,1,0
"250","Godry-Farring",0.000418935902806871,7,0.219372793045413,318.921137939471
"251","Goghor-the-Giant",0.000286697247706422,4,0.48677944214876,0.333333333333333
"252","Gormon-Tyrell",0.000189322226429383,1,1,0
"253","Gormond-Goodbrother",0.0002999400119976,1,1,0
"254","Gorne",0.000387897595034911,2,0.816905201600493,0
"255","Gorold-Goodbrother",0.000315556958030925,2,0.555711805555556,0
"256","Grazdan-mo-Eraz",0.000276319425255595,1,1,0
"257","Grazhar",0.000351741118536757,3,0.378942942545957,11.875450913855
"258","Greenbeard",0.000383288616328095,7,0.255246628545286,1.80654761904762
"259","Gregor-Clegane",0.000477783086478739,33,0.0665369454299617,1731.4274122002
"260","Grenn",0.000398406374501992,15,0.145651926545883,149.816470272302
"261","Gretchel",0.000382409177820268,4,0.40889375,3.79542449320868
"262","Grey-Worm",0.000370782350760104,8,0.203368536686608,10.2904461378891
"263","Greydon-Goodbrother",0.0002999400119976,1,1,0
"264","Grigg",0.000388048117966628,3,0.462441969323895,0.333333333333333
"265","Grimtongue",0.000328407224958949,4,0.428472395833333,401.220843776107
"266","Grisel",0.000360880548538434,1,1,0
"267","Groleo",0.000365096750638919,6,0.282684138414613,11.2821261209148
"268","Grunt",0.000374531835205993,3,0.526785021936537,0
"269","Guncer-Sunglass",0.000345901072293324,2,0.537592803789745,0
"270","Gunthor-son-of-Gurn",0.000406008932196508,1,1,0
"271","Guyard-Morrigen",0.000358680057388809,2,0.623331024930748,0
"272","Gyles-Grafton",0.000320102432778489,2,0.720069444444444,0
"273","Gyles-Rosby",0.000426985482493595,18,0.105274866379545,131.119297462914
"274","Gynir",0.000292740046838407,2,0.5,25.4380952380952
"275","Hagen",0.000328623069339468,6,0.370636805555556,410.220843776107
"276","Haggo",0.000349772647778944,6,0.331247694443109,0.983333333333333
"277","Haggon",0.000297973778307509,1,1,0
"278","Hairy-Hal",0.000388349514563107,3,0.623720802982114,0
"279","Hake",0.000387747188832881,1,1,0
"280","Halder",0.000392772977219167,8,0.264330326704049,13.9273119854002
"281","Haldon",0.000410677618069815,11,0.208431308839772,90.0568770554905
"282","Hali",0.00037147102526003,1,1,0
"283","Hallis-Mollen",0.000410004100041,6,0.21122233798136,37.2499970073499
"284","Hallyne",0.000411692054343351,2,0.511414044004292,0
"285","Halys-Hornwood",0.000361532899493854,1,1,0
"286","Hareth-(Moles-Town)",0.000389559797428905,11,0.215355973871005,695.437836750658
"287","Harl",0.000289855072463768,1,1,0
"288","Harma",0.000390930414386239,8,0.250959666085075,12.3285714285714
"289","Harra",0.000379362670713202,2,0.818487811791383,0
"290","Harras-Harlaw",0.000314861460957179,1,1,0
"291","Harren-Hoare",0.000394944707740916,3,0.421379405671734,24.197605112279
"292","Harrold-Hardyng",0.000320615581917281,3,0.439350907029478,2.66698412698413
"293","Harry-Strickland",0.000327225130890052,3,0.523584104938272,1.68571428571429
"294","Harwin",0.000412541254125413,11,0.154426112479231,113.026386717701
"295","Harwood-Stout",0.000374251497005988,1,1,0
"296","Harys-Swyft",0.000434971726837756,9,0.181262015853274,26.1693480557136
"297","Hayhead",0.000371609067261241,2,0.649969993141289,0
"298","Helman-Tallhart",0.00037243947858473,4,0.279117860161816,42.9352782432448
"299","Hero",0.000349283967865875,4,0.383486925916074,0
"300","Heward",0.000360620266858997,2,0.66500141723356,0
"301","High-Septon-(fat_one)",0.000421052631578947,3,0.349620272373401,0
"302","High-Septon-(Tyrions)",0.000418760469011725,4,0.276986250954115,0
"303","High-Sparrow",0.000396825396825397,8,0.193398301950359,11.8895186796721
"304","Hizdahr-zo-Loraq",0.000370644922164566,22,0.1172545530199,1871.06907133141
"305","Hobb",0.000398883127243718,11,0.15467055793873,27.4538146030744
"306","Hobber-Redwyne",0.000292568753657109,1,1,0
"307","Hodor",0.000396196513470681,11,0.173960120620272,67.3788879349076
"308","Holly",0.000378787878787879,4,0.428575521215381,2.75917466403957
"309","Hop-Robin",0.000388349514563107,3,0.481874911853926,0
"310","Horas-Redwyne",0.00038109756097561,2,0.5,794
"311","Horton-Redfort",0.000296296296296296,4,0.452392378826531,0.583333333333333
"312","Hosteen-Frey",0.000336021505376344,4,0.389947676374471,305.715995962831
"313","Hoster-Blackwood",0.000391696043869957,1,1,0
"314","Hoster-Tully",0.00043271311120727,10,0.154094908448743,109.690380823458
"315","Hot-Pie",0.000384911470361817,11,0.18022195777607,959.533210247283
"316","Hother-Umber",0.000347826086956522,4,0.26312213420896,13.5592584254302
"317","Hotho-Harlaw",0.000315656565656566,4,0.426057227933086,186.659613607101
"318","Howland-Reed",0.000403225806451613,2,0.516147403659916,0
"319","Hugh",0.000348310693138279,1,1,0
"320","Hugh-Hungerford",0.000226090888537192,1,1,0
"321","Hugo-Vance",0.000391696043869957,1,1,0
"322","Hullen",0.000396510705789056,6,0.206822644453266,14.660618039665
"323","Humfrey-Hewett",0.000315357931251971,2,0.561208189513478,0
"324","Husband",0.000309693403530505,2,0.593086419753087,0
"325","Hyle-Hunt",0.000410340582683627,7,0.193942132895779,90.2340030760735
"326","Illifer",0.00034965034965035,2,0.705679012345679,0
"327","Illyrio-Mopatis",0.0004359197907585,12,0.132776910892844,379.530779622759
"328","Ilyn-Payne",0.000459981600735971,22,0.0942873851905399,282.570178632536
"329","Imry-Florent",0.000328083989501312,1,1,0
"330","Irri",0.00035778175313059,15,0.151893391969449,313.366437937645
"331","Jacelyn-Bywater",0.000425531914893617,9,0.153051218327835,4.78807354844669
"332","Jack-Be-Lucky",0.000309597523219814,1,1,0
"333","Jack-Bulwer",0.000392003136025088,5,0.349161451386751,48.359113478442
"334","Jacks",0.000394011032308905,1,1,0
"335","Jaehaerys-I-Targaryen",0.000305064063453325,1,1,0
"336","Jafer-Flowers",0.000299222022740874,1,1,0
"337","Jaime-Lannister",0.000568504832291075,101,0.0256768742226929,31825.987271838
"338","Jalabhar-Xho",0.000394632991318074,5,0.288123355757359,254.650776431735
"339","Janos-Slynt",0.00048030739673391,23,0.0775037073165309,2266.96839997497
"340","Jaqen-Hghar",0.000383141762452107,6,0.261689381771227,8.87751831501832
"341","Jared-Frey",0.000276243093922652,3,0.482253086419753,1.91666666666667
"342","Jaremy-Rykker",0.000392464678178964,5,0.24341075991287,794.9
"343","Jarl",0.00039032006245121,8,0.231775320584346,6.52222222222222
"344","Jarman-Buckwell",0.000391849529780564,3,0.406699774514413,0
"345","Jason-Mallister",0.000394944707740916,3,0.392253565962657,20.5375969455381
"346","Jeor-Mormont",0.000467071461933676,28,0.0787113214299775,5450.11686835152
"347","Jeyne-Farman",0.000309885342423303,1,1,0
"348","Jeyne-Heddle",0.000349406009783368,1,1,0
"349","Jeyne-Poole",0.000438788942518649,13,0.125295419998913,545.036983761949
"350","Jeyne-Westerling",0.000394944707740916,5,0.243671354026166,320.410028621493
"351","Jhiqui",0.000356252226576416,12,0.175057802386652,22.6681058627467
"352","Jhogo",0.000371609067261241,12,0.179648916833928,52.2018623866147
"353","Joanna-Lannister",0.000366703337000367,1,1,0
"354","Jocelyn-Swyft",0.000394788787998421,5,0.288550160143493,0.578571428571429
"355","Joffrey-Baratheon",0.00054585152838428,69,0.0403351574806487,10023.529107584
"356","Jojen-Reed",0.000385059684251059,10,0.171621373445537,85.7207164998739
"357","Jommo",0.000313577924114142,2,0.718820861678005,0
"358","Jon-Arryn",0.000481463649494463,17,0.0831032262048368,2781.11514705564
"359","Jon-Connington",0.000440722785368003,16,0.124217998665311,4005.09963497382
"360","Jon-Fossoway",0.000315556958030925,1,1,0
"361","Jon-Snow",0.000560224089635854,114,0.0244600045357789,60635.833766422
"362","Jon-Umber-(Greatjon)",0.000422297297297297,14,0.130115686484826,429.540626381461
"363","Jon-Umber-(Smalljon)",0.000387296669248644,2,0.543792206436994,0
"364","Jonos-Bracken",0.000392003136025088,2,0.61497500245074,0
"365","Jonothor-Darry",0.000256476019492177,2,0.835069444444444,0
"366","Jonquil",0.000292226767971946,1,1,0
"367","Jorah-Mormont",0.000446827524575514,26,0.0976164105627038,3417.09346746885
"368","Joramun",0.000343642611683849,2,0.537592803789745,0
"369","Jory-Cassel",0.000505050505050505,21,0.0905975920864616,1539.60163042687
"370","Joseth",0.000371609067261241,2,0.532588794794182,0
"371","Josmyn-Peckledon",0.000391849529780564,2,0.64560000245074,0
"372","Joss",0.000394011032308905,1,1,0
"373","Joy-Hill",0.000391696043869957,1,1,0
"374","Justin-Massey",0.000394011032308905,5,0.380410145914259,15.1595238095238
"375","Jyck",0.000406173842404549,2,0.816615157215802,0
"376","Karyl-Vance",0.000393081761006289,4,0.360606613917889,6.6060108951669
"377","Kasporio",0.00040766408479413,3,0.570996962702697,0
"378","Kedry",0.000288766965059197,2,0.637008310249307,0
"379","Kegs",0.000389256520046711,7,0.255789623379476,3.11458764665286
"380","Kella",0.000380228136882129,1,1,0
"381","Kerwin",0.000314861460957179,1,1,0
"382","Kevan-Lannister",0.000456204379562044,17,0.0948005085965424,597.556448481845
"383","Khorane-Sathmantes",0.000389559797428905,3,0.451726838135196,0
"384","Khrazz",0.000352609308885755,5,0.373660997515035,235.948347693917
"385","Kindly-Man",0.000379362670713202,2,0.818487811791383,0
"386","Kojja-Mo",0.000328407224958949,2,0.548482564513409,0
"387","Koss",0.000379939209726444,2,0.534537194507433,0
"388","Kraznys-mo-Nakloz",0.000348796651552145,2,0.573302478185401,0
"389","Kurleket",0.000406008932196508,1,1,0
"390","Kurz",0.000255754475703325,1,1,0
"391","Kyra",0.000374251497005988,1,1,0
"392","Lambert-Turnberry",0.000301750150875075,3,0.520246913580247,0.333333333333333
"393","Lamprey",0.000337381916329285,4,0.456816811435318,0.333333333333333
"394","Lancel-Lannister",0.000443655723158829,12,0.129271190286206,164.196334198442
"395","Lanna-(Happy-Port)",0.000309597523219814,1,1,0
"396","Lark",0.000396196513470681,6,0.251121756752985,817.11986898761
"397","Larraq",0.000351000351000351,1,1,0
"398","Leaf",0.000371747211895911,2,0.556865654298314,0
"399","Leathers",0.000388953714507974,5,0.32095283151332,7.16666666666667
"400","Lem",0.000410509031198686,15,0.147512539949785,1872.43731711053
"401","Lemore",0.000408496732026144,7,0.337587328041841,0.642857142857143
"402","Leo-Lefford",0.000406008932196508,1,1,0
"403","Leo-Tyrell",0.000329815303430079,5,0.376393573958509,1643.40945121607
"404","Leobald-Tallhart",0.000362844702467344,3,0.374877802973041,6.48118626981158
"405","Leona-Woolfield",0.00033955857385399,2,0.545657900171898,0
"406","Leonette-Fossoway",0.000316455696202532,1,1,0
"407","Lewyn-Martell",0.000321957501609788,4,0.502196180555555,416.115037930457
"408","Lewys-Piper",0.000391696043869957,1,1,0
"409","Lollys-Stokeworth",0.000408830744071954,7,0.235548408881576,3.68876262626263
"410","Lommy-Greenhands",0.000382995021064726,6,0.31998348527419,3.51837295258348
"411","Longwater-Pyke",0.000314861460957179,1,1,0
"412","Loras-Tyrell",0.000480538202787122,28,0.0714799499110433,455.349467978382
"413","Lorent-Caswell",0.000358294518093873,1,1,0
"414","Lorren",0.000376506024096386,8,0.189838333620294,1184.70130906867
"415","Lothar-Frey",0.000398247710075667,11,0.160548694057193,87.6250580612709
"416","Lothor-Brune",0.000384911470361817,5,0.258981592989398,14.3295055731649
"417","Lucas-Codd",0.000260756192959583,2,0.5,794
"418","Lucifer-Long",0.000235349493998588,1,1,0
"419","Luton",0.000289519397799653,1,1,0
"420","Luwin",0.000481927710843373,22,0.0959102328976153,994.630608848529
"421","Lyanna-Mormont",0.000387296669248644,1,1,0
"422","Lyanna-Stark",0.000419639110365086,5,0.249643221748216,3.63002500858292
"423","Lyle-Crakehall",0.000393700787401575,5,0.266336511354834,2.85241702741703
"424","Lyn-Corbray",0.000366703337000367,4,0.365868161655601,6.64346641902058
"425","Lynesse-Hightower",0.000348675034867503,1,1,0
"426","Lyonel-Corbray",0.00036101083032491,2,0.651376471253961,0
"427","Lysa-Arryn",0.000474833808167141,24,0.0780749881453766,1914.07060939403
"428","Lysono-Maar",0.000348675034867503,1,1,0
"429","Mace-Tyrell",0.000480538202787122,23,0.0832202565065159,1856.2365561956
"430","Mad-Huntsman",0.000379218809252939,1,1,0
"431","Maddy",0.000382555470543229,5,0.346092,11.5906347236462
"432","Maege-Mormont",0.000394166338194718,5,0.320089598869692,1.26666666666667
"433","Maegor-I-Targaryen",0.000402576489533011,6,0.195288023837365,798.626034859822
"434","Maekar-I-Targaryen",0.000330360092500826,1,1,0
"435","Mag-Mar-Tun-Doh-Weg",0.000387897595034911,2,0.570811451600493,0
"436","Maggy",0.000393545848091303,2,0.645806209480285,0
"437","Malaquo-Maegyr",0.000259403372243839,1,1,0
"438","Malegorn",0.00039032006245121,4,0.449691251154201,110.747554133153
"439","Mallador-Locke",0.000300842358604091,1,1,0
"440","Mance-Rayder",0.000465332712889716,33,0.0673443964577963,4293.96865778422
"441","Mandon-Moore",0.000436681222707424,9,0.141789310213764,7.28418916374057
"442","Manfrey-Martell",0.000233754090696587,1,1,0
"443","Margaery-Tyrell",0.000455788514129444,30,0.0779216953985935,1434.76310446003
"444","Marghaz-zo-Loraq",0.000286368843069874,1,1,0
"445","Marillion",0.000426985482493595,9,0.161797326291297,26.4017295920663
"446","Mariya-Darry",0.000393236335037357,2,0.533524385166789,0
"447","Mark-Mullendore",0.000393236335037357,1,1,0
"448","Marlon-Manderly",0.000389408099688474,2,0.521030622762498,0
"449","Maron-Greyjoy",0.000394011032308905,1,1,0
"450","Marq-Piper",0.000423549343498518,8,0.166257352717634,56.1619905420549
"451","Marselen",0.000348796651552145,2,0.819396228185401,0
"452","Martyn-Lannister",0.000367242012486228,2,0.5,9.82813260502336
"453","Martyn-Rivers",0.000386996904024768,1,1,0
"454","Marwyn",0.00032916392363397,3,0.438434215896337,177.3518859973
"455","Marya-Seaworth",0.000387446726075165,2,0.700093983644041,0
"456","Masha-Heddle",0.000380517503805175,1,1,0
"457","Mathis-Rowan",0.000421052631578947,8,0.157332635417166,816.899119514745
"458","Matthar",0.000387747188832881,1,1,0
"459","Matthos-Seaworth",0.000328083989501312,1,1,0
"460","Mebble",0.000294811320754717,1,1,0
"461","Meera-Reed",0.000384319754035357,11,0.198044304257028,95.0436508331927
"462","Megga-Tyrell",0.000382409177820268,4,0.447519444444444,0
"463","Melara-Hetherspoon",0.00041101520756268,4,0.332578167234016,816.45083150237
"464","Meldred-Merlyn",0.000315556958030925,2,0.555711805555556,0
"465","Melisandre",0.000447027268663388,23,0.0895050197158228,2048.4573952493
"466","Mellei",0.000286944045911047,2,0.838125,0
"467","Meralyn",0.000379218809252939,1,1,0
"468","Meribald",0.000351246926589392,5,0.395327127386002,5.24351458356035
"469","Meris",0.000352112676056338,6,0.284911335263021,967.563706751981
"470","Mero",0.000353982300884956,4,0.297332396383776,794
"471","Merrett-Frey",0.000362450163102573,2,0.5,2.76943368059345
"472","Merrit",0.000320512820512821,1,1,0
"473","Meryn-Trant",0.000463177396943029,21,0.104217629159202,296.861125662838
"474","Mezzara",0.000348918353105373,2,0.616896228185401,0
"475","Mikken",0.000391849529780564,5,0.317586329059393,74.5015457932214
"476","Miklaz",0.000349162011173184,3,0.385287212526845,794
"477","Mirri-Maz-Duur",0.000354609929078014,6,0.283234599451615,3.03862149276178
"478","Missandei",0.000373552484124019,9,0.191789332651228,30.398311334468
"479","Moelle",0.000393545848091303,3,0.655633265497048,0
"480","Mollander",0.00027027027027027,4,0.504550648384354,1.25
"481","Monford-Velaryon",0.00038971161340608,3,0.342680276783332,794
"482","Moon-Boy",0.000394321766561514,4,0.289324369217678,2.93656395265686
"483","Moqorro",0.000429184549356223,5,0.308288086074045,760.542980003455
"484","Mord",0.000406008932196508,1,1,0
"485","Mordane",0.000465983224603914,11,0.122187268745954,150.564874139801
"486","Moreo-Tumitis",0.000380517503805175,1,1,0
"487","Morgo",0.000406008932196508,1,1,0
"488","Morra",0.000286944045911047,2,0.838125,0
"489","Morrec",0.000406173842404549,2,0.816615157215802,0
"490","Mors-Umber",0.000391236306729264,4,0.278912384799899,75.1947868749534
"491","Mully",0.000389559797428905,9,0.212775301400035,11.7960317460317
"492","Munda",0.000299222022740874,1,1,0
"493","Murch",0.000220215811495265,1,1,0
"494","Murenmure",0.000375516334960571,2,0.542077594123049,0
"495","Mya-Stone",0.000385059684251059,5,0.298433777777778,34.3281544899957
"496","Mycah",0.000420344682639765,5,0.226774185753297,0
"497","Mychel-Redfort",0.000380517503805175,1,1,0
"498","Myles-Toyne",0.000326583932070542,2,0.726671006944444,0
"499","Myranda-Royce",0.000382116927779901,3,0.408575308641975,6.9618768971042
"500","Myrcella-Baratheon",0.00047438330170778,22,0.0820384618886316,6373.177910399
"501","Nage",0.000303674460977832,1,1,0
"502","Nan",0.000435540069686411,8,0.176685248150098,225.494734387223
"503","Narbert",0.00034965034965035,3,0.631385459533608,0
"504","Narbert-Grandison",0.000390625,6,0.382579789507883,256.365155536129
"505","Nestor-Royce",0.000401767778224186,7,0.195712220914879,24.3989366575574
"506","Nurse",0.000410677618069815,4,0.382003007028455,4.08422035480859
"507","Nute",0.000315656565656566,4,0.418565819911544,2.83333333333333
"508","Nyessos-Vhassar",0.000326690623979092,2,0.5,794
"509","Nymeria-Sand",0.000334224598930481,4,0.372913517258755,5.70592740056211
"510","Obara-Sand",0.000335120643431635,6,0.30752038366787,7.86082251082251
"511","Oberyn-Martell",0.000447828034034931,20,0.08499705487598,3094.08063148023
"512","Ogo",0.000313676286072773,3,0.483056185437138,794
"513","Old-Bill-Bone",0.000288683602771363,1,1,0
"514","Olenna-Redwyne",0.000434027777777778,9,0.160132213191758,92.3244200669169
"515","Olyvar-Frey",0.000387596899224806,2,0.550205188296405,0
"516","Orell",0.000388048117966628,2,0.544346030002859,0
"517","Orton-Merryweather",0.000429184549356223,10,0.167740546661085,25.6920263586563
"518","Osfryd-Kettleblack",0.000393855848759354,3,0.407014547393968,0
"519","Osha",0.000405022276225192,9,0.197238081475729,69.309094703245
"520","Osmund-Kettleblack",0.000437636761487965,18,0.103905595335137,211.674133514969
"521","Osney-Kettleblack",0.000423549343498518,11,0.161350561941742,154.158675396669
"522","Oswell-Kettleblack",0.000383582662063675,2,0.517462582365072,0
"523","Oswell-Whent",0.000321130378933847,3,0.640625,378.797315416679
"524","Othell-Yarwyck",0.000395413206801107,11,0.17030849809593,23.0712127963738
"525","Othor",0.000387747188832881,1,1,0
"526","Ottyn-Wythers",0.000395882818685669,4,0.303457167790502,5.63882783882784
"527","Owen",0.000426803243704652,10,0.18205882323948,253.948749265253
"528","Owen-Merryweather",0.000337381916329285,1,1,0
"529","Oznak-zo-Pahl",0.000348796651552145,2,0.546837056587767,0
"530","Palla",0.000375375375375375,2,0.529844869905447,0
"531","Patchface",0.000389256520046711,4,0.353717403495109,0
"532","Pate-(novice)",0.000270562770562771,7,0.23328656462585,3169.25
"533","Pate-(Old)",0.000379218809252939,1,1,0
"534","Pate-(whipping-boy)",0.00034952813701503,1,1,0
"535","Patrek-of-Kings-Mountain",0.00039032006245121,4,0.402741708987381,0.333333333333333
"536","Paxter-Redwyne",0.000426257459505541,6,0.184204470762097,243.911570702243
"537","Penny",0.000422654268808115,7,0.272215334263501,88.0767183968423
"538","Perwyn-Frey",0.000387296669248644,2,0.583333022763525,0
"539","Petyr-Baelish",0.000505816894284269,47,0.0458071624116977,8173.98140911847
"540","Petyr-Frey",0.000333778371161549,2,0.5,0.333333333333333
"541","Pia",0.000419639110365086,4,0.344063825800981,41.2986254759911
"542","Podrick-Payne",0.000423728813559322,11,0.127333920010343,1070.09643766141
"543","Polliver",0.000424088210347752,14,0.16287311767998,28.2714849240262
"544","Pono",0.00035498757543486,4,0.275812954560243,15.2896366232044
"545","Porridge",0.000337268128161889,3,0.526584532190593,0
"546","Porther",0.000394011032308905,1,1,0
"547","Poxy-Tym",0.00037147102526003,1,1,0
"548","Praed",0.000379218809252939,1,1,0
"549","Prendahl-na-Ghezn",0.000289519397799653,2,0.839508310249307,0
"550","Preston-Greenfield",0.000413907284768212,2,0.509296366696087,0
"551","Puckens",0.000346981263011797,2,0.5,794
"552","Pyat-Pree",0.000348796651552145,2,0.701340672629845,0
"553","Pycelle",0.000478468899521531,27,0.0685827631017266,2337.57124825197
"554","Pyg",0.000353606789250354,4,0.398576388888889,0.9
"555","Pylos",0.000390167772142021,6,0.280107496275401,1.23333333333333
"556","Pypar",0.000396510705789056,16,0.140658074239336,73.9948834205215
"557","Qarl-the-Maid",0.00032797638570023,3,0.621343209876543,0
"558","Qavo-Nogarys",0.000421940928270042,3,0.361453275013447,9.08355104211881
"559","Qezza",0.000350017500875044,5,0.304503945268203,33.5918748776384
"560","Qhorin-Halfhand",0.000399201596806387,14,0.139911948394707,888.287758616364
"561","Qotho",0.000354735721887194,7,0.301925591995461,9.37712379430798
"562","Quaithe",0.000348675034867503,1,1,0
"563","Quaro",0.00034965034965035,5,0.303895212479187,0.45
"564","Quellon-Greyjoy",0.000315357931251971,2,0.561208189513478,0
"565","Quentyn-Martell",0.000374531835205993,19,0.104033163710103,3582.12551893319
"566","Quhuru-Mo",0.000328191663931736,2,0.823992768595041,0
"567","Quill",0.00022271714922049,1,1,0
"568","Qyburn",0.000444642063139173,18,0.0941986735930894,536.836755628195
"569","Rafford",0.000427715996578272,13,0.17050196526471,14.67904097383
"570","Ragwyle",0.000303122158229767,1,1,0
"571","Rakharo",0.000355492356914326,10,0.202890698758087,10.1725262680409
"572","Ralf-(Limper)",0.000314861460957179,1,1,0
"573","Ralf-Stonehouse",0.00031496062992126,2,0.661892361111111,0
"574","Ramsay-Snow",0.000460829493087558,23,0.090062854990869,5274.78903555057
"575","Randyll-Tarly",0.000437636761487965,13,0.108499895402092,1411.68223031895
"576","Rast",0.000392464678178964,6,0.296872554829684,7.34742063492064
"577","Rattleshirt",0.000393700787401575,11,0.206796519817214,26.0979259324097
"578","Ravella-Swann",0.000379218809252939,1,1,0
"579","Raymun-Darry",0.00040950040950041,2,0.514553889808568,0
"580","Raymun-Redbeard",0.000296647878967665,1,1,0
"581","Raynald-Westerling",0.0003933910306845,3,0.482733006880754,10.1469696969697
"582","Raynard",0.000393545848091303,2,0.5,794
"583","Red-Oarsman",0.000328623069339468,3,0.360151479289941,1586
"584","Reek",0.000377216144851,2,0.531556713368133,0
"585","Renly-Baratheon",0.000500751126690035,38,0.0519072775621281,5972.53529853774
"586","Rennifer-Longwaters",0.000392003136025088,2,0.5,794
"587","Reznak-mo-Reznak",0.000365096750638919,5,0.321586874736196,0
"588","Rhaegar-Frey",0.000330469266358229,2,0.5,199.499672709431
"589","Rhaegar-Targaryen",0.000462962962962963,18,0.0899927366191568,2474.96614415485
"590","Rhaegel-Targaryen",0.000348675034867503,1,1,0
"591","Rhaego",0.000313381385145722,1,1,0
"592","Rhaella-Targaryen",0.000346020761245675,2,0.565539178634417,0
"593","Rhaenys-Targaryen",0.000334336342360415,2,0.871141975308642,0
"594","Rhaenys-Targaryen-(daughter-of-Rhaegar)",0.000320821302534488,1,1,0
"595","Ricasso",0.000287026406429392,2,0.5,794
"596","Richard-Horpe",0.000387446726075165,2,0.615649539199596,0
"597","Rickard-Karstark",0.0004359197907585,12,0.127722585335801,289.243212544249
"598","Rickard-Stark",0.000372995151063036,2,0.5,2.04362581862582
"599","Rickon-Stark",0.000492125984251968,17,0.103646331784952,625.243557081455
"600","Robar-Royce",0.000386697602474865,3,0.433709739368999,15.8509859560134
"601","Robb-Stark",0.000558659217877095,74,0.0366057851230839,20978.4325358019
"602","Robert-Arryn",0.000428816466552316,20,0.111515549962569,3540.89498355494
"603","Robert-Baratheon",0.000577700751010976,65,0.0352628707105709,24689.8325699285
"604","Robert-Strong",0.000399520575309628,4,0.281220077676765,9.65708450221843
"605","Robett-Glover",0.000397772474144789,7,0.172318268540652,157.914524013624
"606","Robin-Flint",0.000387596899224806,3,0.443198024279105,0
"607","Robin-Ryger",0.000401606425702811,2,0.511686113561851,0
"608","Rodrik-Cassel",0.00050709939148073,30,0.0659161779980289,3491.34669612339
"609","Rodrik-Harlaw",0.0003385240352065,7,0.287246076359538,672.891488763299
"610","Rodrik-Sparr",0.000331564986737401,2,0.631267361111111,0
"611","Roger-Ryswell",0.000374391613627855,2,0.597910927456382,0
"612","Rolfe-the-Dwarf",0.000327439423706614,1,1,0
"613","Rollam-Westerling",0.000387146728610143,2,0.701246854963071,0
"614","Rolly-Duckfield",0.000410172272354389,8,0.297318598871214,4.2541514041514
"615","Rolph-Spicer",0.000386996904024768,1,1,0
"616","Ronnet-Connington",0.000392618767177071,2,0.535251819059737,0
"617","Roone",0.000269978401727862,4,0.526940104166667,0.25
"618","Roose-Bolton",0.000493096646942801,28,0.0676344382539265,1753.6151708754
"619","Roose-Ryswell",0.000387296669248644,1,1,0
"620","Rorge",0.000410172272354389,9,0.199285962915899,131.88484469409
"621","Rory",0.000388198757763975,2,0.551925862757517,0
"622","Rosey",0.00022271714922049,1,1,0
"623","Roslin-Frey",0.000395726157499011,5,0.273778617874507,0
"624","Rossart",0.000337381916329285,1,1,0
"625","Rowan",0.000388198757763975,5,0.357273066870969,18.1868572732379
"626","Rugen",0.000298953662182362,1,1,0
"627","Rus",0.0002999400119976,1,1,0
"628","Ryk",0.000388651379712398,4,0.349793058078742,0
"629","Ryman-Frey",0.0004151100041511,12,0.147398295005219,322.164936791523
"630","Salladhor-Saan",0.000395569620253165,5,0.3220342855195,3.01251725428751
"631","Sallor",0.000289519397799653,2,0.839508310249307,0
"632","Samwell-Tarly",0.000443655723158829,44,0.0561705593762117,13087.3558683943
"633","Sandor-Clegane",0.000480769230769231,36,0.0645483788737896,2786.29367825404
"634","Sansa-Stark",0.000544662309368192,75,0.0360105357082753,15367.6042055963
"635","Sarella-Sand",0.000272034820457019,1,1,0
"636","Satin",0.000392310710082385,13,0.169581407379982,928.233201283858
"637","Sawane-Botley",0.0003000300030003,1,1,0
"638","Scar",0.000406173842404549,2,0.614115157215802,0
"639","Scolera",0.000393545848091303,3,0.655633265497048,0
"640","Selwyn-Tarth",0.000349406009783368,1,1,0
"641","Selyse-Florent",0.000430477830391735,19,0.117339451535609,1789.74749357543
"642","Senelle",0.000394011032308905,2,0.522125653924729,0
"643","Shadd",0.0003003003003003,1,1,0
"644","Shadrich",0.000392156862745098,2,0.5,41.868564371153
"645","Shae",0.000441306266548985,13,0.151163225497206,260.727113280191
"646","Shagga",0.000409332787556283,7,0.193296456747292,1596.27501464823
"647","Shagwell",0.000396982929734021,6,0.285403597565477,63.0542404172194
"648","Sharna",0.000310848616723656,4,0.381762575247424,0.5
"649","Shireen-Baratheon",0.00043010752688172,13,0.140313903994697,1028.67941228344
"650","Shitmouth",0.000391696043869957,1,1,0
"651","Shortear",0.000272034820457019,1,1,0
"652","Shrouded-Lord",0.000406008932196508,1,1,0
"653","Sigfryd-Harlaw",0.000266880170803309,2,0.717155612244898,0
"654","Sigorn",0.000411184210526316,4,0.373291836222059,17.1220903441095
"655","Simon-Toyne",0.000224618149146451,1,1,0
"656","Skahaz-mo-Kandaq",0.000366300366300366,12,0.190749863850227,18.7574594541894
"657","Skinner",0.00037593984962406,5,0.319337219592384,794
"658","Small-Paul",0.00035650623885918,6,0.257431305166695,3.75900066335038
"659","Smiling-Knight",0.000273373428102788,2,0.5,794
"660","Softfoot",0.000301386377335744,1,1,0
"661","Soren-Shieldbreaker",0.000387747188832881,1,1,0
"662","Sour-Alyn",0.000376081233546446,6,0.395158237296491,4.45
"663","Spare-Boot",0.000388802488335925,6,0.313272335726808,0.4
"664","Spotted-Cat",0.000350017500875044,6,0.295070207159536,1059.27214739001
"665","Squint",0.000375234521575985,3,0.522410021936537,2.33333333333333
"666","Squirrel",0.000388048117966628,4,0.370109877011101,2.90167899001144
"667","Stafford-Lannister",0.000416840350145894,4,0.267481393754903,15.4194449192494
"668","Stannis-Baratheon",0.000559284116331096,89,0.0277961336534261,34761.6949149307
"669","Steelskin",0.000352236703064459,3,0.466095151941239,0
"670","Steffon-Baratheon",0.000395882818685669,2,0.518980564130344,0
"671","Steffon-Varner",0.000243546030199708,1,1,0
"672","Stevron-Frey",0.000394944707740916,5,0.310664057335167,0.833333333333333
"673","Stiv",0.000391542678151919,2,0.516147403659916,0
"674","Stonesnake",0.000388500388500388,4,0.379570920582087,0.666666666666667
"675","Stygg",0.000374812593703148,3,0.569285021936537,1.33333333333333
"676","Styr",0.000390625,8,0.246204448126254,6.70079365079365
"677","Sweets",0.000406338886631451,3,0.509769957969751,0
"678","Sybell-Spicer",0.0004151100041511,6,0.218288674590999,745.451873797533
"679","Sybelle-Glover",0.000328083989501312,2,0.5,5.72084377610694
"680","Sylva-Santagar",0.00034965034965035,5,0.382960840730538,12.9506873005942
"681","Symon-Silver-Tongue",0.00040650406504065,3,0.443363751033909,0
"682","Symon-Stripeback",0.000348796651552145,2,0.819396228185401,0
"683","Symond-Templeton",0.000361794500723589,5,0.382596377065992,11.927922015766
"684","Syrio-Forel",0.000407996736026112,4,0.269927880715566,3.13736387032153
"685","Taena-of-Myr",0.000436871996505024,12,0.147490413464051,155.302010721919
"686","Talbert-Serry",0.000314861460957179,1,1,0
"687","Talea",0.000379362670713202,2,0.700432256235828,0
"688","Tallad",0.000394788787998421,6,0.299239797330898,266.585912131432
"689","Tanda-Stokeworth",0.000418585182084554,7,0.210006389732717,7.27995624116075
"690","Tansy",0.000385653682992673,6,0.212315312071331,60.1168870928239
"691","Tarber",0.000255754475703325,1,1,0
"692","Tattered-Prince",0.000352485019386676,8,0.240814498537275,1854.93383076538
"693","Ternesio-Terys",0.000379362670713202,2,0.818487811791383,0
"694","Terrance-Lynderly",0.00032020493115594,3,0.483611111111111,794
"695","Theobald",0.000328083989501312,1,1,0
"696","Theomore",0.000391236306729264,2,0.535926355808593,0
"697","Theon-Greyjoy",0.00053248136315229,66,0.0348631028461042,35122.6844530841
"698","Thistle",0.000297973778307509,1,1,0
"699","Thoren-Smallwood",0.000395256916996047,9,0.194755708105627,808.213827349122
"700","Thoros-of-Myr",0.000427899015832264,9,0.170113787317033,158.661732582887
"701","Tickler",0.000419111483654652,12,0.186317849142674,0
"702","Timeon",0.000364697301239971,4,0.385210262345679,9.02731201706654
"703","Timett",0.000407497962510187,4,0.316282983645898,1.29545454545455
"704","Timoth",0.000286861732644865,1,1,0
"705","Tion-Frey",0.000297707651086633,1,1,0
"706","Tobho-Mott",0.000394011032308905,1,1,0
"707","Todder",0.000388500388500388,4,0.358747351949638,0
"708","Tom-Barleycorn",0.000387747188832881,1,1,0
"709","Tom-of-Sevenstreams",0.000384467512495194,9,0.219215921915404,135.300449475887
"710","Tomard",0.000419463087248322,7,0.203426691049912,46.1716122972847
"711","Tommen-Baratheon",0.000483792936623125,33,0.0616734443084008,1973.00316278341
"712","Torbert",0.000299850074962519,1,1,0
"713","Toregg",0.000388349514563107,3,0.469126910844362,0
"714","Torghen-Flint",0.000296647878967665,1,1,0
"715","Torgon-Greyiron",0.000327439423706614,1,1,0
"716","Tormund",0.000392464678178964,15,0.136426620192753,1625.36086691087
"717","Torrhen-Karstark",0.000408830744071954,3,0.482793604415226,16.5023818268605
"718","Torrhen-Stark",0.000394788787998421,2,0.565444385827269,0
"719","Torwold-Browntooth",0.000216029379995679,1,1,0
"720","Tregar",0.000394011032308905,1,1,0
"721","Tristifer-Botley",0.00032797638570023,3,0.621343209876543,0
"722","Tristifer-IV-Mudd",0.000386996904024768,1,1,0
"723","Trystane-Martell",0.000358680057388809,2,0.5,20.2442222263627
"724","Tybero-Istarion",0.00040766408479413,3,0.570996962702697,0
"725","Tycho-Nestoris",0.000417536534446764,3,0.349457652709411,168.538810499514
"726","Tyene-Sand",0.000346981263011797,9,0.220062715987172,844.752910393815
"727","Tyrion-Lannister",0.000599161174355902,122,0.0238318214806458,51189.9427992621
"728","Tysha",0.000423190859077444,4,0.281029008595294,4.7443391055483
"729","Tytos-Blackwood",0.000402252614641995,5,0.297189147490987,33.0487059123663
"730","Tywin-Lannister",0.000517330574236937,48,0.045391501606409,6523.71736090979
"731","Ulf-son-of-Umar",0.000308928019771393,1,1,0
"732","Ulmer",0.000387747188832881,1,1,0
"733","Umma",0.000379218809252939,1,1,0
"734","Unella",0.000393700787401575,4,0.490096576139423,1
"735","Urswyck",0.000391696043869957,1,1,0
"736","Urzen",0.000375093773443361,2,0.574039399678604,0
"737","Utherydes-Wayn",0.0003933910306845,3,0.471876884091298,0
"738","Val",0.000437062937062937,9,0.157621504373411,256.310027179421
"739","Varamyr",0.00039032006245121,6,0.186106684818045,2379
"740","Vardis-Egen",0.000416840350145894,6,0.242937180264,56.4905705186678
"741","Vargo-Hoat",0.00041649312786339,10,0.147148248507971,215.891357676696
"742","Varly",0.000394011032308905,1,1,0
"743","Varys",0.000505050505050505,34,0.0615030999966044,2904.09333209947
"744","Vayon-Poole",0.000430292598967298,5,0.232881126935441,0
"745","Victarion-Greyjoy",0.000419815281276238,24,0.0893639433102446,11504.3994112674
"746","Visenya-Targaryen",0.000334336342360415,2,0.871141975308642,0
"747","Viserys-Targaryen",0.000440722785368003,14,0.119659435669971,775.544787528146
"748","Vylarr",0.000413907284768212,2,0.509296366696087,0
"749","Vyman",0.000386697602474865,3,0.368119067215363,1.82999957558781
"750","Waif",0.000379362670713202,2,0.818487811791383,0
"751","Walda-Frey-(daughter-of-Merrett)",0.000380228136882129,2,0.525809170086768,0
"752","Walder-Frey",0.000452898550724638,19,0.100288691151944,2093.83953240658
"753","Walder-Frey-(son-of-Jammos)",0.000391542678151919,3,0.408450424244943,0
"754","Walder-Frey-(son-of-Merrett)",0.000394321766561514,8,0.195015689314232,43.3065591667956
"755","Walder-Rivers",0.000408663669799755,5,0.282405899224212,19.4259238864853
"756","Walgrave",0.000222816399286988,2,0.5,794
"757","Walton",0.00040016006402561,5,0.231030551984724,794
"758","Watt",0.000304692260816575,1,1,0
"759","Waymar-Royce",0.000353356890459364,3,0.558641975308642,502.936107334737
"760","Weasel",0.000379939209726444,4,0.346293498675297,1.7
"761","Weeper",0.000388651379712398,5,0.288213791592582,2
"762","Weese",0.000396510705789056,8,0.185134636318096,33.9186967402996
"763","Wendel-Manderly",0.000394321766561514,7,0.245338167466069,814.274470382558
"764","Werlag",0.000374391613627855,2,0.702077594123049,0
"765","Wex-Pyke",0.000379650721336371,5,0.23022791184573,679.503652893499
"766","Wick-Whittlestick",0.000387897595034911,2,0.532954584316542,0
"767","Widower",0.000351000351000351,1,1,0
"768","Will-(prologue)",0.00028137310073157,2,0.888888888888889,0
"769","Willam-Dustin",0.00040950040950041,2,0.514553889808568,0
"770","Willas-Tyrell",0.000419815281276238,8,0.182453489031068,5.22281571102124
"771","Willem-Lannister",0.000389863547758285,4,0.25,827.858420701858
"772","William-Foxglove",0.000387296669248644,1,1,0
"773","Willis-Wode",0.000419463087248322,6,0.269087435269882,13.488288180258
"774","Willow-Heddle",0.000357015351660121,2,0.536859567901234,0
"775","Willow-Witch-eye",0.000374251497005988,1,1,0
"776","Woth",0.000382848392036753,5,0.338560606268831,0
"777","Wulfe",0.000314861460957179,1,1,0
"778","Wun-Weg-Wun-Dar-Wun",0.00039032006245121,4,0.374162915512465,3.04967948717949
"779","Wyl-(guard)",0.000411184210526316,4,0.353915522576386,85.0168490945577
"780","Wylis-Manderly",0.000395413206801107,2,0.515500176061851,0
"781","Wylla",0.000394011032308905,1,1,0
"782","Wyman-Manderly",0.000447427293064877,17,0.093328738538494,2917.16527595747
"783","Wynton-Stout",0.000330360092500826,1,1,0
"784","Xaro-Xhoan-Daxos",0.000364431486880466,3,0.486548382354238,14.1238229352899
"785","Xhondo",0.000328191663931736,2,0.823992768595041,0
"786","Yandry",0.000408496732026144,7,0.337587328041841,0.642857142857143
"787","Yellow-Dick",0.000375516334960571,3,0.442426884799572,0
"788","Yezzan-zo-Qaggaz",0.000406669377795852,5,0.446208103056684,1.83333333333333
"789","Ygritte",0.000394011032308905,13,0.171332874253245,838.014250965928
"790","Yohn-Royce",0.000385653682992673,8,0.22927219990352,623.710170972271
"791","Yoren",0.000466635557629491,18,0.108166492064385,1530.26894734016
"792","Yorko-Terys",0.000379218809252939,1,1,0
"793","Ysilla",0.000407830342577488,6,0.365650917363426,0
"794","Yurkhaz-zo-Yunzak",0.000348675034867503,1,1,0
"795","Zei",0.000387747188832881,1,1,0
"796","Zollo",0.000393081761006289,4,0.377577053084847,0.2
